datetime,symbol,time,open,high,low,close,volume,amount,next_page_token
2025-03-26 13:30:00,QQQ,1742995800000,492.3,492.59,492.16,492.4697,268073,132008952.68570222,
2025-03-26 13:31:00,QQQ,1742995860000,492.4697,492.7099,492.25,492.43,99561,49030072.095000006,
2025-03-26 13:32:00,QQQ,1742995920000,492.42,492.81,492.25,492.25,95733,47147273.15049997,
2025-03-26 13:33:00,QQQ,1742995980000,492.27,492.27,491.74,491.84,108903,53573242.74079994,
2025-03-26 13:34:00,QQQ,1742996040000,491.84,492.19,491.69,492.04,121499,59774420.42760003,
2025-03-26 13:35:00,QQQ,1742996100000,492.05,492.66,492.05,492.66,93627,46093643.21149994,
2025-03-26 13:36:00,QQQ,1742996160000,492.66,492.9,492.47,492.535,84303,41538179.242400065,
2025-03-26 13:37:00,QQQ,1742996220000,492.535,492.779,492.3854,492.7399,90808,44730451.65010005,
2025-03-26 13:38:00,QQQ,1742996280000,492.73,493.09,492.69,493.04,108065,53268091.53129997,
2025-03-26 13:39:00,QQQ,1742996340000,493.04,493.16,492.58,492.79,321860,158633840.27080014,
2025-03-26 13:40:00,QQQ,1742996400000,492.79,493.12,492.75,492.805,43566,21476288.977200005,
2025-03-26 13:41:00,QQQ,1742996460000,492.805,492.95,492.4268,492.52,82918,40853067.197699904,
2025-03-26 13:42:00,QQQ,1742996520000,492.52,492.71,492.26,492.3153,48817,24039701.236900035,
2025-03-26 13:43:00,QQQ,1742996580000,492.3153,492.38,492.0001,492.3463,68853,33889775.64120003,
2025-03-26 13:44:00,QQQ,1742996640000,492.3463,492.46,492.02,492.4599,41964,20657519.885000017,
2025-03-26 13:45:00,QQQ,1742996700000,492.4599,492.7,492.22,492.2697,77209,38018940.34990001,
2025-03-26 13:46:00,QQQ,1742996760000,492.24,492.25,491.8,491.83,85274,41954835.01030007,
2025-03-26 13:47:00,QQQ,1742996820000,491.83,491.95,491.53,491.805,151865,74674505.44900005,
2025-03-26 13:48:00,QQQ,1742996880000,491.805,491.9121,491.39,491.58,86505,42522697.989300035,
2025-03-26 13:49:00,QQQ,1742996940000,491.58,491.62,491.16,491.37,134287,65983873.671700075,
2025-03-26 13:50:00,QQQ,1742997000000,491.37,491.37,491.01,491.25,208183,102252178.17129993,
2025-03-26 13:51:00,QQQ,1742997060000,491.25,491.52,491.0,491.07,149759,73571295.23220015,
2025-03-26 13:52:00,QQQ,1742997120000,491.07,491.25,490.94,491.07,93036,45686727.0773,
2025-03-26 13:53:00,QQQ,1742997180000,491.07,491.07,490.37,490.64,123768,60728366.49089997,
2025-03-26 13:54:00,QQQ,1742997240000,490.62,490.86,490.55,490.755,85728,42069564.36729992,
2025-03-26 13:55:00,QQQ,1742997300000,490.755,490.7775,490.23,490.31,83722,41060476.48001005,
2025-03-26 13:56:00,QQQ,1742997360000,490.3,490.45,489.9,490.0097,127157,62323485.98419992,
2025-03-26 13:57:00,QQQ,1742997420000,490.0097,490.0097,489.13,489.3,168144,82295393.44049995,
2025-03-26 13:58:00,QQQ,1742997480000,489.3,489.68,489.11,489.6712,147538,72209665.49369979,
2025-03-26 13:59:00,QQQ,1742997540000,489.67,489.7175,489.34,489.3504,237549,116273898.94909999,
2025-03-26 14:00:00,QQQ,1742997600000,489.38,489.95,489.2,489.82,322120,157734718.6787999,
2025-03-26 14:01:00,QQQ,1742997660000,489.82,489.9,489.53,489.785,92464,45284234.60619999,
2025-03-26 14:02:00,QQQ,1742997720000,489.785,490.31,489.46,489.94,299889,146922802.92780012,
2025-03-26 14:03:00,QQQ,1742997780000,489.94,490.23,489.7403,489.8,128405,62910729.88850002,
2025-03-26 14:04:00,QQQ,1742997840000,489.8,489.9499,489.43,489.65,162877,79756897.45379998,
2025-03-26 14:05:00,QQQ,1742997900000,489.62,489.89,489.4378,489.751,74980,36720480.17010036,
2025-03-26 14:06:00,QQQ,1742997960000,489.751,489.9499,489.46,489.67,100849,49386141.761500366,
2025-03-26 14:07:00,QQQ,1742998020000,489.655,489.92,489.38,489.71,109031,53391568.310400195,
2025-03-26 14:08:00,QQQ,1742998080000,489.71,489.7699,489.42,489.66,87554,42865887.24649995,
2025-03-26 14:09:00,QQQ,1742998140000,489.66,489.66,488.96,489.28,118755,58105984.80340006,
2025-03-26 14:10:00,QQQ,1742998200000,489.28,489.6163,489.26,489.54,90807,44446167.4842,
2025-03-26 14:11:00,QQQ,1742998260000,489.54,489.5697,489.24,489.39,56777,27786296.10369999,
2025-03-26 14:12:00,QQQ,1742998320000,489.39,489.39,488.91,488.965,93252,45604448.07560002,
2025-03-26 14:13:00,QQQ,1742998380000,488.98,489.34,488.84,488.92,73524,35958433.91070004,
2025-03-26 14:14:00,QQQ,1742998440000,488.92,489.5,488.915,489.4001,57212,27994738.951799985,
2025-03-26 14:15:00,QQQ,1742998500000,489.4001,489.57,489.0355,489.065,54502,26669279.090100016,
2025-03-26 14:16:00,QQQ,1742998560000,489.09,489.25,488.78,489.0399,76634,37471338.7462,
2025-03-26 14:17:00,QQQ,1742998620000,489.0399,489.1468,488.7704,489.0799,83135,40652773.3894,
2025-03-26 14:18:00,QQQ,1742998680000,489.0799,489.22,488.87,488.88,110178,53876900.528,
2025-03-26 14:19:00,QQQ,1742998740000,488.88,488.88,488.44,488.44,141878,69319811.2687,
2025-03-26 14:20:00,QQQ,1742998800000,488.44,488.521,487.845,488.0,196850,96075630.15069987,
2025-03-26 14:21:00,QQQ,1742998860000,488.0,488.0,487.6128,487.71,126891,61902975.25523995,
2025-03-26 14:22:00,QQQ,1742998920000,487.71,487.75,487.3901,487.47,127342,62083225.30089992,
2025-03-26 14:23:00,QQQ,1742998980000,487.475,487.69,487.2101,487.58,200866,97917354.51590016,
2025-03-26 14:24:00,QQQ,1742999040000,487.58,487.97,487.56,487.89,151577,73935241.26360008,
2025-03-26 14:25:00,QQQ,1742999100000,487.89,488.16,487.7863,487.98,123339,60185188.70920013,
2025-03-26 14:26:00,QQQ,1742999160000,487.98,488.27,487.8709,488.19,75871,37031410.94710004,
2025-03-26 14:27:00,QQQ,1742999220000,488.19,488.56,488.17,488.44,103473,50539562.88359996,
2025-03-26 14:28:00,QQQ,1742999280000,488.44,488.59,488.41,488.41,71422,34889687.18359993,
2025-03-26 14:29:00,QQQ,1742999340000,488.41,488.66,488.36,488.6009,68896,33655190.34549995,
2025-03-26 14:30:00,QQQ,1742999400000,488.6009,488.65,488.32,488.41,102601,50119365.10639999,
2025-03-26 14:31:00,QQQ,1742999460000,488.3949,488.77,488.3,488.77,71604,34981694.74599993,
2025-03-26 14:32:00,QQQ,1742999520000,488.77,488.79,488.6501,488.7149,65585,32052704.676999994,
2025-03-26 14:33:00,QQQ,1742999580000,488.7149,488.83,488.58,488.6112,31752,15517185.356119975,
2025-03-26 14:34:00,QQQ,1742999640000,488.6112,488.65,488.44,488.62,70761,34567511.33579995,
2025-03-26 14:35:00,QQQ,1742999700000,488.62,488.72,488.45,488.67,30983,15138728.765199969,
2025-03-26 14:36:00,QQQ,1742999760000,488.66,488.89,488.59,488.64,93291,45600367.10219999,
2025-03-26 14:37:00,QQQ,1742999820000,488.64,488.76,488.5527,488.7,52545,25676258.014000032,
2025-03-26 14:38:00,QQQ,1742999880000,488.7,488.88,488.7,488.75,28733,14045039.670099976,
2025-03-26 14:39:00,QQQ,1742999940000,488.75,488.7788,488.48,488.6,49006,23942899.324700013,
2025-03-26 14:40:00,QQQ,1743000000000,488.6,488.8,488.5,488.7656,39397,19250461.976000037,
2025-03-26 14:41:00,QQQ,1743000060000,488.7656,488.82,488.52,488.82,29767,14545823.484639982,
2025-03-26 14:42:00,QQQ,1743000120000,488.82,488.82,488.47,488.55,27963,13664403.977399992,
2025-03-26 14:43:00,QQQ,1743000180000,488.55,488.58,488.45,488.4701,22395,10940351.384499976,
2025-03-26 14:44:00,QQQ,1743000240000,488.49,488.56,488.3801,488.5,42087,20557851.87680003,
2025-03-26 14:45:00,QQQ,1743000300000,488.5,488.58,488.35,488.3625,66067,32269865.17770002,
2025-03-26 14:46:00,QQQ,1743000360000,488.3625,488.39,487.97,488.19,133253,65046360.95410006,
2025-03-26 14:47:00,QQQ,1743000420000,488.19,488.31,488.12,488.17,61330,29942325.666999977,
2025-03-26 14:48:00,QQQ,1743000480000,488.19,488.3097,488.03,488.1,40317,19681474.674,
2025-03-26 14:49:00,QQQ,1743000540000,488.1,488.14,487.96,488.03,42757,20867736.44220001,
2025-03-26 14:50:00,QQQ,1743000600000,488.03,488.53,488.0051,488.5,49893,24364004.94590002,
2025-03-26 14:51:00,QQQ,1743000660000,488.5,488.72,488.5,488.71,51719,25270603.41449997,
2025-03-26 14:52:00,QQQ,1743000720000,488.71,488.957,488.6003,488.957,53434,26116111.069799986,
2025-03-26 14:53:00,QQQ,1743000780000,488.957,489.3,488.94,489.23,134097,65593529.49039998,
2025-03-26 14:54:00,QQQ,1743000840000,489.23,489.28,488.98,489.11,107423,52537850.36409997,
2025-03-26 14:55:00,QQQ,1743000900000,489.11,489.17,488.995,489.02,35793,17504787.6825,
2025-03-26 14:56:00,QQQ,1743000960000,489.02,489.1901,488.62,488.7,59988,29324729.10970001,
2025-03-26 14:57:00,QQQ,1743001020000,488.72,488.9,488.7,488.75,43328,21178343.46869999,
2025-03-26 14:58:00,QQQ,1743001080000,488.75,489.07,488.75,489.0482,38132,18644848.075999994,
2025-03-26 14:59:00,QQQ,1743001140000,489.0482,489.05,488.67,488.87,43861,21439890.50029997,
2025-03-26 15:00:00,QQQ,1743001200000,488.87,489.13,488.68,489.09,72801,35595358.72810005,
2025-03-26 15:01:00,QQQ,1743001260000,489.09,489.16,488.86,489.0,69578,34020491.14729998,
2025-03-26 15:02:00,QQQ,1743001320000,489.0,489.25,489.0,489.18,103753,50743249.3387,
2025-03-26 15:03:00,QQQ,1743001380000,489.18,489.28,488.9715,488.9715,44660,21844684.113300044,
2025-03-26 15:04:00,QQQ,1743001440000,488.9715,489.09,488.9,489.0503,40520,19813327.253099978,
2025-03-26 15:05:00,QQQ,1743001500000,489.0201,489.1301,488.98,489.06,32506,15896533.956899997,
2025-03-26 15:06:00,QQQ,1743001560000,489.06,489.23,489.0203,489.22,36279,17745193.10380001,
2025-03-26 15:07:00,QQQ,1743001620000,489.22,489.22,489.0438,489.0601,33265,16270683.98679999,
2025-03-26 15:08:00,QQQ,1743001680000,489.0601,489.27,489.0601,489.21,75097,36737507.34160004,
2025-03-26 15:09:00,QQQ,1743001740000,489.21,489.34,489.15,489.19,55202,27006166.47470001,
2025-03-26 15:10:00,QQQ,1743001800000,489.19,489.39,489.15,489.3101,46466,22734063.835199986,
2025-03-26 15:11:00,QQQ,1743001860000,489.3101,489.34,489.05,489.17,33506,16390373.186600002,
2025-03-26 15:12:00,QQQ,1743001920000,489.17,489.3168,489.09,489.11,56816,27791227.581200022,
2025-03-26 15:13:00,QQQ,1743001980000,489.11,489.371,489.03,489.14,56652,27713659.869199988,
2025-03-26 15:14:00,QQQ,1743002040000,489.14,489.3,489.01,489.2451,32846,16066135.836700011,
2025-03-26 15:15:00,QQQ,1743002100000,489.2451,489.275,489.04,489.189,27914,13654490.84,
2025-03-26 15:16:00,QQQ,1743002160000,489.189,489.31,489.1503,489.16,20031,9799829.09520001,
2025-03-26 15:17:00,QQQ,1743002220000,489.16,489.3996,489.155,489.28,18985,9288974.39009999,
2025-03-26 15:18:00,QQQ,1743002280000,489.28,489.415,489.19,489.27,45365,22197968.83919999,
2025-03-26 15:19:00,QQQ,1743002340000,489.25,489.41,489.2412,489.408,33554,16418262.438800002,
2025-03-26 15:20:00,QQQ,1743002400000,489.39,489.48,489.3001,489.3371,67107,32842185.980399974,
2025-03-26 15:21:00,QQQ,1743002460000,489.3371,489.37,489.09,489.37,64512,31558968.818499997,
2025-03-26 15:22:00,QQQ,1743002520000,489.37,489.3799,488.935,488.935,45480,22246315.451300014,
2025-03-26 15:23:00,QQQ,1743002580000,488.935,489.1039,488.82,488.85,32389,15836265.236799994,
2025-03-26 15:24:00,QQQ,1743002640000,488.85,488.86,488.705,488.71,52365,25594692.45630001,
2025-03-26 15:25:00,QQQ,1743002700000,488.71,488.73,488.245,488.48,111650,54530687.75520005,
2025-03-26 15:26:00,QQQ,1743002760000,488.48,488.515,488.24,488.51,65558,32017760.016,
2025-03-26 15:27:00,QQQ,1743002820000,488.51,488.54,488.2012,488.28,38403,18752038.03170003,
2025-03-26 15:28:00,QQQ,1743002880000,488.28,488.28,487.92,488.17,65013,31733359.398500036,
2025-03-26 15:29:00,QQQ,1743002940000,488.17,488.43,488.146,488.35,34728,16958197.533599995,
2025-03-26 15:30:00,QQQ,1743003000000,488.35,488.74,488.3237,488.6901,74703,36496997.016799994,
2025-03-26 15:31:00,QQQ,1743003060000,488.6901,488.87,488.6601,488.71,42985,21009104.32340001,
2025-03-26 15:32:00,QQQ,1743003120000,488.71,488.87,488.66,488.81,26663,13032009.923499994,
2025-03-26 15:33:00,QQQ,1743003180000,488.81,488.92,488.74,488.79,26459,12933918.7809,
2025-03-26 15:34:00,QQQ,1743003240000,488.79,488.79,488.51,488.5668,23360,11415024.1875,
2025-03-26 15:35:00,QQQ,1743003300000,488.5668,488.6729,488.53,488.62,30394,14850570.966800023,
2025-03-26 15:36:00,QQQ,1743003360000,488.62,488.6697,488.435,488.48,39374,19235263.39279999,
2025-03-26 15:37:00,QQQ,1743003420000,488.48,488.52,488.38,488.41,26541,12963267.572600018,
2025-03-26 15:38:00,QQQ,1743003480000,488.39,488.39,488.255,488.295,25378,12392662.92999999,
2025-03-26 15:39:00,QQQ,1743003540000,488.295,488.49,488.29,488.46,84456,41245104.56929992,
2025-03-26 15:40:00,QQQ,1743003600000,488.46,488.62,488.28,488.3093,26409,12900639.192300005,
2025-03-26 15:41:00,QQQ,1743003660000,488.3093,488.32,488.11,488.21,31390,15324358.51260001,
2025-03-26 15:42:00,QQQ,1743003720000,488.21,488.2499,488.01,488.18,40879,19954797.08799999,
2025-03-26 15:43:00,QQQ,1743003780000,488.18,488.1898,487.85,487.88,35078,17116493.643800016,
2025-03-26 15:44:00,QQQ,1743003840000,487.88,487.978,487.75,487.8699,45655,22272632.02470001,
2025-03-26 15:45:00,QQQ,1743003900000,487.8699,487.96,487.84,487.84,70298,34298060.72029999,
2025-03-26 15:46:00,QQQ,1743003960000,487.84,488.06,487.82,487.97,48328,23581867.207799982,
2025-03-26 15:47:00,QQQ,1743004020000,487.97,488.07,487.85,488.05,43713,21331203.063500017,
2025-03-26 15:48:00,QQQ,1743004080000,488.05,488.07,487.68,487.68,38348,18706891.099099968,
2025-03-26 15:49:00,QQQ,1743004140000,487.67,487.73,487.52,487.63,78462,38260554.17200002,
2025-03-26 15:50:00,QQQ,1743004200000,487.63,487.71,487.41,487.42,49315,24043696.448499985,
2025-03-26 15:51:00,QQQ,1743004260000,487.42,487.5,487.31,487.33,50864,24791663.42529999,
2025-03-26 15:52:00,QQQ,1743004320000,487.33,487.33,486.68,486.85,145191,70692599.83729999,
2025-03-26 15:53:00,QQQ,1743004380000,486.84,486.84,486.46,486.67,282417,137426506.51349998,
2025-03-26 15:54:00,QQQ,1743004440000,486.67,486.89,486.61,486.79,157498,76675451.87970005,
2025-03-26 15:55:00,QQQ,1743004500000,486.79,486.79,486.55,486.6982,62529,30430242.099599965,
2025-03-26 15:56:00,QQQ,1743004560000,486.68,487.02,485.89,486.25,317466,154401826.7805,
2025-03-26 15:57:00,QQQ,1743004620000,486.23,486.56,486.07,486.45,155131,75439907.91160001,
2025-03-26 15:58:00,QQQ,1743004680000,486.45,486.5999,486.36,486.4797,83056,40404797.56209997,
2025-03-26 15:59:00,QQQ,1743004740000,486.4797,486.5,486.3,486.4,53278,25914126.885700006,
2025-03-26 16:00:00,QQQ,1743004800000,486.4,486.435,485.971,486.26,330910,160854875.9493,
2025-03-26 16:01:00,QQQ,1743004860000,486.26,486.43,486.1,486.25,115855,56335624.01850001,
2025-03-26 16:02:00,QQQ,1743004920000,486.25,486.35,486.05,486.05,55377,26921848.791999973,
2025-03-26 16:03:00,QQQ,1743004980000,486.02,486.095,485.76,485.82,120337,58477712.98040001,
2025-03-26 16:04:00,QQQ,1743005040000,485.82,486.1,485.8,486.04,73978,35953597.91509999,
2025-03-26 16:05:00,QQQ,1743005100000,486.02,486.52,485.99,486.42,214281,104183918.35710017,
2025-03-26 16:06:00,QQQ,1743005160000,486.42,486.71,486.37,486.52,97462,47419527.35039996,
2025-03-26 16:07:00,QQQ,1743005220000,486.51,486.51,486.2,486.23,107878,52466845.32069994,
2025-03-26 16:08:00,QQQ,1743005280000,486.2399,486.46,486.1822,486.38,56173,27315726.19350003,
2025-03-26 16:09:00,QQQ,1743005340000,486.38,486.38,486.2303,486.26,22297,10843444.856899995,
2025-03-26 16:10:00,QQQ,1743005400000,486.26,486.4776,486.17,486.4776,38281,18617495.194000006,
2025-03-26 16:11:00,QQQ,1743005460000,486.4776,486.6,486.4,486.49,37099,18048660.114500012,
2025-03-26 16:12:00,QQQ,1743005520000,486.49,486.54,486.0462,486.228,32073,15596399.250299994,
2025-03-26 16:13:00,QQQ,1743005580000,486.228,486.23,485.98,486.04,79027,38415976.2888,
2025-03-26 16:14:00,QQQ,1743005640000,486.04,486.31,485.98,486.28,33129,16105951.719499983,
2025-03-26 16:15:00,QQQ,1743005700000,486.265,486.2882,486.0,486.04,140143,68141910.85900003,
2025-03-26 16:16:00,QQQ,1743005760000,486.04,486.1099,486.0,486.015,50876,24727562.871999975,
2025-03-26 16:17:00,QQQ,1743005820000,486.015,486.1995,485.89,486.18,67650,32880007.39939999,
2025-03-26 16:18:00,QQQ,1743005880000,486.18,486.19,485.86,485.94,80135,38945814.319299966,
2025-03-26 16:19:00,QQQ,1743005940000,485.94,486.05,485.86,485.87,44410,21581135.946299966,
2025-03-26 16:20:00,QQQ,1743006000000,485.87,485.99,485.78,485.91,93730,45541642.96739999,
2025-03-26 16:21:00,QQQ,1743006060000,485.89,486.26,485.82,486.2401,81708,39718631.236599974,
2025-03-26 16:22:00,QQQ,1743006120000,486.2401,486.39,486.117,486.15,47427,23062735.182999987,
2025-03-26 16:23:00,QQQ,1743006180000,486.15,486.15,485.9,486.03,142523,69267453.27700001,
2025-03-26 16:24:00,QQQ,1743006240000,486.03,486.07,485.93,486.0402,32242,15669750.358399991,
2025-03-26 16:25:00,QQQ,1743006300000,486.0402,486.31,486.0402,486.2112,51268,24925990.664300006,
2025-03-26 16:26:00,QQQ,1743006360000,486.2112,486.45,486.21,486.36,74334,36155409.81230001,
2025-03-26 16:27:00,QQQ,1743006420000,486.35,486.49,486.32,486.3818,44911,21844330.590400014,
2025-03-26 16:28:00,QQQ,1743006480000,486.3818,486.52,486.31,486.51,25404,12356931.20170001,
2025-03-26 16:29:00,QQQ,1743006540000,486.51,486.76,486.51,486.74,72803,35432014.39030001,
2025-03-26 16:30:00,QQQ,1743006600000,486.74,487.0,486.65,486.99,87486,42592336.35319997,
2025-03-26 16:31:00,QQQ,1743006660000,486.99,487.0,486.87,486.939,31871,15518784.96630002,
2025-03-26 16:32:00,QQQ,1743006720000,486.939,486.9399,486.57,486.57,34358,16723958.462700002,
2025-03-26 16:33:00,QQQ,1743006780000,486.57,486.59,486.24,486.2827,53713,26124584.370799948,
2025-03-26 16:34:00,QQQ,1743006840000,486.2827,486.6199,486.27,486.37,29068,14140353.53419999,
2025-03-26 16:35:00,QQQ,1743006900000,486.37,486.83,486.37,486.765,52962,25778914.79729998,
2025-03-26 16:36:00,QQQ,1743006960000,486.765,486.8299,486.68,486.8105,22097,10755944.196499994,
2025-03-26 16:37:00,QQQ,1743007020000,486.8105,486.8105,486.45,486.54,31442,15298643.468199985,
2025-03-26 16:38:00,QQQ,1743007080000,486.54,486.54,486.2112,486.29,39911,19409235.580499995,
2025-03-26 16:39:00,QQQ,1743007140000,486.29,486.3127,486.18,486.245,145033,70526850.24180005,
2025-03-26 16:40:00,QQQ,1743007200000,486.2599,486.43,486.21,486.39,28975,14091636.319600016,
2025-03-26 16:41:00,QQQ,1743007260000,486.39,486.52,486.32,486.51,23800,11577842.8681,
2025-03-26 16:42:00,QQQ,1743007320000,486.51,486.51,486.24,486.3495,19232,9353113.958500002,
2025-03-26 16:43:00,QQQ,1743007380000,486.32,486.38,486.0801,486.11,34847,16941752.793699987,
2025-03-26 16:44:00,QQQ,1743007440000,486.11,486.2,485.94,486.029,40258,19566612.31649999,
2025-03-26 16:45:00,QQQ,1743007500000,486.029,486.19,485.95,486.14,37240,18100179.9631,
2025-03-26 16:46:00,QQQ,1743007560000,486.15,486.165,485.91,485.98,194568,94578933.57720008,
2025-03-26 16:47:00,QQQ,1743007620000,485.98,486.08,485.895,486.0407,19466,9459984.715500003,
2025-03-26 16:48:00,QQQ,1743007680000,486.0407,486.32,486.04,486.32,77268,37564792.52579997,
2025-03-26 16:49:00,QQQ,1743007740000,486.32,486.51,486.32,486.41,56959,27707118.151300043,
2025-03-26 16:50:00,QQQ,1743007800000,486.42,486.53,486.11,486.1363,21208,10314554.566399999,
2025-03-26 16:51:00,QQQ,1743007860000,486.1363,486.21,486.0,486.0,69709,33882624.829500034,
2025-03-26 16:52:00,QQQ,1743007920000,486.0,486.0,485.72,485.8,48417,23523007.646100007,
2025-03-26 16:53:00,QQQ,1743007980000,485.8,485.88,485.52,485.65,80800,39244212.97869995,
2025-03-26 16:54:00,QQQ,1743008040000,485.63,485.649,485.44,485.46,102138,49589897.433200024,
2025-03-26 16:55:00,QQQ,1743008100000,485.46,485.49,485.29,485.306,63842,30987205.722600047,
2025-03-26 16:56:00,QQQ,1743008160000,485.306,485.39,484.97,485.0701,106796,51810259.212299965,
2025-03-26 16:57:00,QQQ,1743008220000,485.0701,485.0701,484.78,484.89,83609,40540689.15059993,
2025-03-26 16:58:00,QQQ,1743008280000,484.89,485.26,484.8488,485.25,78251,37958744.66780001,
2025-03-26 16:59:00,QQQ,1743008340000,485.26,485.29,484.86,484.9401,68290,33121004.97449999,
2025-03-26 17:00:00,QQQ,1743008400000,484.9401,485.2399,484.88,485.2,82622,40078454.81059999,
2025-03-26 17:01:00,QQQ,1743008460000,485.2,485.2,484.96,485.08,72784,35306825.59234001,
2025-03-26 17:02:00,QQQ,1743008520000,485.08,485.46,484.97,485.44,55211,26791344.189399984,
2025-03-26 17:03:00,QQQ,1743008580000,485.4012,485.43,485.11,485.17,42415,20580905.70249999,
2025-03-26 17:04:00,QQQ,1743008640000,485.17,485.19,484.96,485.0302,44689,21677122.05939999,
2025-03-26 17:05:00,QQQ,1743008700000,485.0302,485.16,484.93,485.13,46293,22452693.540400002,
2025-03-26 17:06:00,QQQ,1743008760000,485.13,485.35,485.02,485.24,74339,36068047.15159999,
2025-03-26 17:07:00,QQQ,1743008820000,485.24,485.28,485.0,485.06,32152,15598339.630699994,
2025-03-26 17:08:00,QQQ,1743008880000,485.06,485.26,485.0,485.14,39253,19041591.749900017,
2025-03-26 17:09:00,QQQ,1743008940000,485.14,485.2,485.08,485.17,12597,6111109.941999997,
2025-03-26 17:10:00,QQQ,1743009000000,485.17,485.34,485.01,485.34,23506,11405851.554000007,
2025-03-26 17:11:00,QQQ,1743009060000,485.29,485.33,485.0701,485.2,33959,16478447.233599996,
2025-03-26 17:12:00,QQQ,1743009120000,485.17,485.34,485.07,485.3,31815,15436504.73169998,
2025-03-26 17:13:00,QQQ,1743009180000,485.3,485.56,485.17,485.25,55599,26988394.029300034,
2025-03-26 17:14:00,QQQ,1743009240000,485.25,485.41,485.17,485.22,22015,10683329.678800004,
2025-03-26 17:15:00,QQQ,1743009300000,485.22,485.25,485.0568,485.094,199004,96547365.29640003,
2025-03-26 17:16:00,QQQ,1743009360000,485.07,485.28,484.89,485.23,107971,52380935.219800055,
2025-03-26 17:17:00,QQQ,1743009420000,485.23,485.23,484.56,484.7499,71480,34651289.99259997,
2025-03-26 17:18:00,QQQ,1743009480000,484.7499,484.76,484.56,484.59,57587,27907538.456299983,
2025-03-26 17:19:00,QQQ,1743009540000,484.59,484.87,484.58,484.65,57628,27934820.804400004,
2025-03-26 17:20:00,QQQ,1743009600000,484.65,484.96,484.6313,484.81,38381,18608733.549099963,
2025-03-26 17:21:00,QQQ,1743009660000,484.81,484.83,484.49,484.64,79202,38382104.0832001,
2025-03-26 17:22:00,QQQ,1743009720000,484.64,484.92,484.64,484.849,43927,21296561.71509999,
2025-03-26 17:23:00,QQQ,1743009780000,484.849,484.85,484.69,484.8012,11286,5471224.4942,
2025-03-26 17:24:00,QQQ,1743009840000,484.8012,484.99,484.78,484.89,96823,46949975.06709996,
2025-03-26 17:25:00,QQQ,1743009900000,484.89,485.0,484.54,484.5662,60356,29259095.01159995,
2025-03-26 17:26:00,QQQ,1743009960000,484.5662,484.89,484.56,484.89,45759,22181402.09319998,
2025-03-26 17:27:00,QQQ,1743010020000,484.89,484.9,484.72,484.845,26247,12724272.586000007,
2025-03-26 17:28:00,QQQ,1743010080000,484.845,484.845,484.4601,484.78,44276,21457576.91020002,
2025-03-26 17:29:00,QQQ,1743010140000,484.78,484.98,484.66,484.66,45342,21983718.204700038,
2025-03-26 17:30:00,QQQ,1743010200000,484.67,484.7346,484.45,484.48,41271,19998482.449699998,
2025-03-26 17:31:00,QQQ,1743010260000,484.48,484.48,484.2,484.25,82958,40178654.06929997,
2025-03-26 17:32:00,QQQ,1743010320000,484.25,484.2599,484.11,484.1801,50894,24641683.901699968,
2025-03-26 17:33:00,QQQ,1743010380000,484.12,484.22,483.99,484.0,115765,56038353.125500105,
2025-03-26 17:34:00,QQQ,1743010440000,484.0,484.25,483.96,484.0,87208,42214678.71150003,
2025-03-26 17:35:00,QQQ,1743010500000,484.0,484.17,483.8812,483.92,64510,31224257.494900048,
2025-03-26 17:36:00,QQQ,1743010560000,483.92,483.99,483.73,483.85,117052,56637187.599300034,
2025-03-26 17:37:00,QQQ,1743010620000,483.85,483.85,483.59,483.63,159682,77229286.98890005,
2025-03-26 17:38:00,QQQ,1743010680000,483.63,483.86,483.63,483.775,75322,36439593.24689996,
2025-03-26 17:39:00,QQQ,1743010740000,483.775,484.07,483.65,484.06,75578,36569632.81829997,
2025-03-26 17:40:00,QQQ,1743010800000,484.06,484.5,484.03,484.3057,164803,79804492.60889983,
2025-03-26 17:41:00,QQQ,1743010860000,484.3057,484.72,484.3057,484.59,101077,48974980.81569999,
2025-03-26 17:42:00,QQQ,1743010920000,484.58,484.8546,484.5,484.7005,87279,42301193.58550009,
2025-03-26 17:43:00,QQQ,1743010980000,484.7005,484.72,484.25,484.29,56926,27580786.455899972,
2025-03-26 17:44:00,QQQ,1743011040000,484.2581,484.36,484.18,484.21,26390,12780348.015500007,
2025-03-26 17:45:00,QQQ,1743011100000,484.21,484.65,484.1627,484.63,71977,34865958.54980001,
2025-03-26 17:46:00,QQQ,1743011160000,484.63,484.63,484.02,484.03,68465,33155194.409400012,
2025-03-26 17:47:00,QQQ,1743011220000,484.03,484.2,484.0,484.01,58197,28171896.930399988,
2025-03-26 17:48:00,QQQ,1743011280000,484.01,484.05,483.88,484.02,40294,19500210.831700023,
2025-03-26 17:49:00,QQQ,1743011340000,484.02,484.1299,483.99,484.05,28807,13944360.464999974,
2025-03-26 17:50:00,QQQ,1743011400000,484.04,484.297,484.04,484.15,40771,19741445.509860016,
2025-03-26 17:51:00,QQQ,1743011460000,484.155,484.27,483.95,484.25,40941,19819338.185700007,
2025-03-26 17:52:00,QQQ,1743011520000,484.21,484.25,484.05,484.09,40126,19427254.5854,
2025-03-26 17:53:00,QQQ,1743011580000,484.09,484.1696,483.9912,484.06,49389,23906832.041800007,
2025-03-26 17:54:00,QQQ,1743011640000,484.06,484.16,484.06,484.07,114387,55375683.848000064,
2025-03-26 17:55:00,QQQ,1743011700000,484.07,484.18,484.0,484.11,50604,24495598.337099984,
2025-03-26 17:56:00,QQQ,1743011760000,484.11,484.18,483.94,483.94,37905,18348150.4116,
2025-03-26 17:57:00,QQQ,1743011820000,483.94,484.04,483.92,483.97,49087,23756879.38899998,
2025-03-26 17:58:00,QQQ,1743011880000,483.97,484.0,483.74,483.7401,88579,42858589.90770002,
2025-03-26 17:59:00,QQQ,1743011940000,483.7401,483.79,483.7,483.74,72755,35194415.34020004,
2025-03-26 18:00:00,QQQ,1743012000000,483.74,484.17,483.71,484.17,104939,50785633.35299996,
2025-03-26 18:01:00,QQQ,1743012060000,484.17,484.18,483.81,483.85,52703,25506530.102899995,
2025-03-26 18:02:00,QQQ,1743012120000,483.85,483.85,483.66,483.82,43884,21229433.219199985,
2025-03-26 18:03:00,QQQ,1743012180000,483.82,483.82,483.56,483.63,29701,14364889.672200011,
2025-03-26 18:04:00,QQQ,1743012240000,483.63,483.96,483.59,483.91,68986,33376226.196770042,
2025-03-26 18:05:00,QQQ,1743012300000,483.91,483.99,483.6,483.64,61376,29691077.26509997,
2025-03-26 18:06:00,QQQ,1743012360000,483.64,483.9,483.59,483.8999,42809,20710224.275299978,
2025-03-26 18:07:00,QQQ,1743012420000,483.88,483.9,483.69,483.711,31664,15318111.66499999,
2025-03-26 18:08:00,QQQ,1743012480000,483.73,484.04,483.69,484.03,82839,40086788.8824,
2025-03-26 18:09:00,QQQ,1743012540000,484.03,484.18,484.03,484.16,69979,33878387.866199955,
2025-03-26 18:10:00,QQQ,1743012600000,484.16,484.46,484.1,484.37,111534,54015569.47189997,
2025-03-26 18:11:00,QQQ,1743012660000,484.37,484.61,484.28,484.48,87991,42626514.18069997,
2025-03-26 18:12:00,QQQ,1743012720000,484.48,484.6599,484.41,484.64,51916,25156873.8729,
2025-03-26 18:13:00,QQQ,1743012780000,484.64,484.84,484.6124,484.82,87851,42584656.550900005,
2025-03-26 18:14:00,QQQ,1743012840000,484.82,484.95,484.5848,484.67,85050,41229223.81500005,
2025-03-26 18:15:00,QQQ,1743012900000,484.67,484.94,484.63,484.86,58516,28370131.402400006,
2025-03-26 18:16:00,QQQ,1743012960000,484.86,484.86,484.536,484.55,42669,20681324.568300005,
2025-03-26 18:17:00,QQQ,1743013020000,484.55,484.71,484.515,484.58,24721,11980021.97259999,
2025-03-26 18:18:00,QQQ,1743013080000,484.58,484.93,484.58,484.91,35314,17121026.880699996,
2025-03-26 18:19:00,QQQ,1743013140000,484.91,485.01,484.725,484.725,71802,34816190.082,
2025-03-26 18:20:00,QQQ,1743013200000,484.725,484.87,484.645,484.715,161715,78393006.61430001,
2025-03-26 18:21:00,QQQ,1743013260000,484.68,484.8,484.68,484.75,25759,12486120.988200009,
2025-03-26 18:22:00,QQQ,1743013320000,484.75,485.06,484.71,484.87,49450,23979220.432500016,
2025-03-26 18:23:00,QQQ,1743013380000,484.85,485.06,484.82,484.98,30819,14946100.269000018,
2025-03-26 18:24:00,QQQ,1743013440000,484.98,485.08,484.94,484.94,47309,22945068.216299985,
2025-03-26 18:25:00,QQQ,1743013500000,484.9201,485.11,484.87,485.03,39198,19010463.05309999,
2025-03-26 18:26:00,QQQ,1743013560000,485.03,485.19,484.99,485.0901,60146,29178165.818900034,
2025-03-26 18:27:00,QQQ,1743013620000,485.0901,485.23,484.74,484.79,68317,33135934.266700007,
2025-03-26 18:28:00,QQQ,1743013680000,484.79,485.21,484.75,485.15,57811,28039956.533500005,
2025-03-26 18:29:00,QQQ,1743013740000,485.14,485.155,484.97,485.03,54388,26383133.54400001,
2025-03-26 18:30:00,QQQ,1743013800000,485.03,485.2199,484.9401,485.2054,27524,13351670.718999993,
2025-03-26 18:31:00,QQQ,1743013860000,485.18,485.3,485.09,485.19,27324,13257781.976499997,
2025-03-26 18:32:00,QQQ,1743013920000,485.1808,485.1825,484.84,484.89,43444,21067244.4126,
2025-03-26 18:33:00,QQQ,1743013980000,484.89,484.89,484.65,484.67,52305,25354380.74909999,
2025-03-26 18:34:00,QQQ,1743014040000,484.67,484.67,484.48,484.5,37971,18399754.2233,
2025-03-26 18:35:00,QQQ,1743014100000,484.5,484.58,484.47,484.54,21249,10295472.5689,
2025-03-26 18:36:00,QQQ,1743014160000,484.54,484.5401,484.355,484.53,33002,15987798.352300007,
2025-03-26 18:37:00,QQQ,1743014220000,484.53,484.64,484.4321,484.47,28557,13837427.624099994,
2025-03-26 18:38:00,QQQ,1743014280000,484.47,484.48,484.32,484.37,27563,13351150.13349999,
2025-03-26 18:39:00,QQQ,1743014340000,484.37,484.4,484.27,484.28,22628,10959161.784799993,
2025-03-26 18:40:00,QQQ,1743014400000,484.28,484.45,484.28,484.345,18741,9077267.258699995,
2025-03-26 18:41:00,QQQ,1743014460000,484.345,484.39,484.0,484.02,71312,34526327.71450001,
2025-03-26 18:42:00,QQQ,1743014520000,484.02,484.12,483.96,483.96,38614,18690682.11224,
2025-03-26 18:43:00,QQQ,1743014580000,483.96,484.03,483.83,483.94,45985,22254092.83610001,
2025-03-26 18:44:00,QQQ,1743014640000,483.94,483.96,483.62,483.77,72259,34956269.22130002,
2025-03-26 18:45:00,QQQ,1743014700000,483.77,483.91,483.75,483.8949,45896,22205886.765500005,
2025-03-26 18:46:00,QQQ,1743014760000,483.87,483.89,483.63,483.66,85048,41137161.794400014,
2025-03-26 18:47:00,QQQ,1743014820000,483.64,483.68,483.07,483.1109,167502,80962047.4044998,
2025-03-26 18:48:00,QQQ,1743014880000,483.1109,483.26,482.95,483.055,130177,62883272.673500024,
2025-03-26 18:49:00,QQQ,1743014940000,483.055,483.29,482.99,483.27,84588,40867611.977900006,
2025-03-26 18:50:00,QQQ,1743015000000,483.27,483.4007,483.0967,483.1,130391,63020396.2862199,
2025-03-26 18:51:00,QQQ,1743015060000,483.1,483.355,483.06,483.3409,47181,22797285.107900012,
2025-03-26 18:52:00,QQQ,1743015120000,483.3409,483.4009,483.14,483.205,33896,16380939.11589999,
2025-03-26 18:53:00,QQQ,1743015180000,483.22,483.3499,483.2112,483.29,33294,16090080.159099987,
2025-03-26 18:54:00,QQQ,1743015240000,483.29,483.37,483.15,483.24,31538,15241571.4416,
2025-03-26 18:55:00,QQQ,1743015300000,483.24,483.31,483.08,483.08,56669,27378899.99230003,
2025-03-26 18:56:00,QQQ,1743015360000,483.08,483.25,483.05,483.2,50580,24436376.580700003,
2025-03-26 18:57:00,QQQ,1743015420000,483.2,483.26,483.15,483.15,38587,18645479.445299968,
2025-03-26 18:58:00,QQQ,1743015480000,483.15,483.18,482.95,483.16,43156,20846216.49750002,
2025-03-26 18:59:00,QQQ,1743015540000,483.16,483.22,483.0299,483.1,35006,16911412.129700005,
2025-03-26 19:00:00,QQQ,1743015600000,483.1,483.56,483.07,483.4786,246905,119359647.07113998,
2025-03-26 19:01:00,QQQ,1743015660000,483.4786,483.4786,483.27,483.435,48718,23549682.714399993,
2025-03-26 19:02:00,QQQ,1743015720000,483.435,483.75,483.39,483.61,114486,55370186.35920002,
2025-03-26 19:03:00,QQQ,1743015780000,483.61,483.63,483.2604,483.345,63900,30888647.062199995,
2025-03-26 19:04:00,QQQ,1743015840000,483.345,483.6,483.3302,483.41,51700,24993539.48350001,
2025-03-26 19:05:00,QQQ,1743015900000,483.41,483.42,483.24,483.3,31832,15385728.544699999,
2025-03-26 19:06:00,QQQ,1743015960000,483.3,483.36,483.05,483.17,150103,72537048.61970003,
2025-03-26 19:07:00,QQQ,1743016020000,483.17,483.17,482.82,482.88,283921,137105124.20070004,
2025-03-26 19:08:00,QQQ,1743016080000,482.88,483.3,482.87,483.21,96339,46548188.0397,
2025-03-26 19:09:00,QQQ,1743016140000,483.24,483.3001,483.06,483.1,35272,17042766.463899996,
2025-03-26 19:10:00,QQQ,1743016200000,483.1,483.26,483.1,483.16,101318,48955195.79839993,
2025-03-26 19:11:00,QQQ,1743016260000,483.16,483.2394,483.04,483.06,130264,62926791.24410002,
2025-03-26 19:12:00,QQQ,1743016320000,483.06,483.2,482.92,482.93,42684,20619794.450699996,
2025-03-26 19:13:00,QQQ,1743016380000,482.93,483.07,482.88,483.04,55321,26719638.22559999,
2025-03-26 19:14:00,QQQ,1743016440000,483.04,483.2499,483.01,483.2,67690,32703038.25620004,
2025-03-26 19:15:00,QQQ,1743016500000,483.2,483.33,483.09,483.14,144127,69631311.20567995,
2025-03-26 19:16:00,QQQ,1743016560000,483.14,483.47,483.14,483.46,45930,22202098.12470001,
2025-03-26 19:17:00,QQQ,1743016620000,483.46,483.66,483.46,483.63,56930,27531092.571519986,
2025-03-26 19:18:00,QQQ,1743016680000,483.63,483.7,483.51,483.6203,59440,28745945.258300006,
2025-03-26 19:19:00,QQQ,1743016740000,483.64,483.95,483.64,483.88,66826,32330984.058700003,
2025-03-26 19:20:00,QQQ,1743016800000,483.88,483.93,483.6314,483.88,79381,38402378.605600044,
2025-03-26 19:21:00,QQQ,1743016860000,483.88,484.01,483.85,483.87,69132,33454867.37239998,
2025-03-26 19:22:00,QQQ,1743016920000,483.87,484.0599,483.83,484.0599,42543,20588344.250600025,
2025-03-26 19:23:00,QQQ,1743016980000,484.0599,484.24,483.8,483.8,157699,76336195.08069995,
2025-03-26 19:24:00,QQQ,1743017040000,483.8025,483.87,483.57,483.59,36835,17817823.44009998,
2025-03-26 19:25:00,QQQ,1743017100000,483.59,483.65,483.41,483.505,200987,97167090.63849972,
2025-03-26 19:26:00,QQQ,1743017160000,483.5174,483.83,483.501,483.83,57081,27609694.48730002,
2025-03-26 19:27:00,QQQ,1743017220000,483.83,483.88,483.68,483.68,33971,16434330.02000001,
2025-03-26 19:28:00,QQQ,1743017280000,483.7,483.74,483.29,483.35,64872,31363503.321399983,
2025-03-26 19:29:00,QQQ,1743017340000,483.35,483.43,483.24,483.28,163217,78881957.53917004,
2025-03-26 19:30:00,QQQ,1743017400000,483.28,483.53,483.28,483.41,72134,34871016.12899996,
2025-03-26 19:31:00,QQQ,1743017460000,483.41,483.41,483.21,483.3,35756,17280550.881999996,
2025-03-26 19:32:00,QQQ,1743017520000,483.3,483.5499,483.3,483.5,48662,23527457.295700014,
2025-03-26 19:33:00,QQQ,1743017580000,483.5,483.71,483.28,483.34,43479,21023434.704699997,
2025-03-26 19:34:00,QQQ,1743017640000,483.34,483.6495,483.315,483.64,47963,23189123.63390001,
2025-03-26 19:35:00,QQQ,1743017700000,483.64,483.7,483.48,483.62,58159,28126925.661899988,
2025-03-26 19:36:00,QQQ,1743017760000,483.62,483.7,483.43,483.45,29669,14346460.611400012,
2025-03-26 19:37:00,QQQ,1743017820000,483.45,483.64,483.35,483.56,62017,29984569.81640001,
2025-03-26 19:38:00,QQQ,1743017880000,483.56,483.7,483.49,483.65,83258,40265551.160899974,
2025-03-26 19:39:00,QQQ,1743017940000,483.65,483.7384,483.55,483.57,54243,26235259.933899954,
2025-03-26 19:40:00,QQQ,1743018000000,483.58,483.74,483.53,483.72,58501,28294485.271800023,
2025-03-26 19:41:00,QQQ,1743018060000,483.72,484.07,483.7,484.05,68141,32972731.560499977,
2025-03-26 19:42:00,QQQ,1743018120000,484.04,484.07,483.61,483.745,130270,63031411.041050024,
2025-03-26 19:43:00,QQQ,1743018180000,483.745,484.11,483.73,484.0799,67978,32900568.687899973,
2025-03-26 19:44:00,QQQ,1743018240000,484.0799,484.22,483.96,483.99,149693,72468243.8916001,
2025-03-26 19:45:00,QQQ,1743018300000,483.99,484.19,483.8709,483.902,73313,35486309.24087999,
2025-03-26 19:46:00,QQQ,1743018360000,483.902,484.01,483.75,483.97,44193,21383243.849000003,
2025-03-26 19:47:00,QQQ,1743018420000,483.97,484.18,483.9398,484.18,69312,33551941.757600002,
2025-03-26 19:48:00,QQQ,1743018480000,484.18,484.29,484.0228,484.22,140299,67929058.90329999,
2025-03-26 19:49:00,QQQ,1743018540000,484.22,484.47,484.12,484.445,192549,93260964.46879996,
2025-03-26 19:50:00,QQQ,1743018600000,484.445,484.84,484.14,484.81,434997,210816338.64730024,
2025-03-26 19:51:00,QQQ,1743018660000,484.81,484.9584,484.63,484.82,148690,72081327.3301999,
2025-03-26 19:52:00,QQQ,1743018720000,484.83,484.83,484.44,484.6213,328674,159264064.06599957,
2025-03-26 19:53:00,QQQ,1743018780000,484.63,484.8399,484.5004,484.523,370335,179495041.59540012,
2025-03-26 19:54:00,QQQ,1743018840000,484.523,484.76,484.37,484.7113,149154,72275692.10286005,
2025-03-26 19:55:00,QQQ,1743018900000,484.7113,484.7113,484.29,484.57,335879,162750785.24520037,
2025-03-26 19:56:00,QQQ,1743018960000,484.57,484.68,484.48,484.59,142498,69053903.09670006,
2025-03-26 19:57:00,QQQ,1743019020000,484.6,484.7,484.56,484.57,129497,62758967.60730005,
2025-03-26 19:58:00,QQQ,1743019080000,484.57,484.825,484.57,484.75,287896,139552158.9100998,
2025-03-26 19:59:00,QQQ,1743019140000,484.75,484.845,484.38,484.38,1505192,729167890.5081997,
2025-03-27 13:30:00,QQQ,1743082200000,482.41,482.81,481.84,482.81,436068,210325258.99619904,
2025-03-27 13:31:00,QQQ,1743082260000,482.81,483.4,482.4418,482.92,186034,89857061.50499976,
2025-03-27 13:32:00,QQQ,1743082320000,482.92,483.0299,481.72,481.8199,233728,112734435.118,
2025-03-27 13:33:00,QQQ,1743082380000,481.8199,481.8199,481.19,481.22,255899,123206880.39719997,
2025-03-27 13:34:00,QQQ,1743082440000,481.21,481.93,481.17,481.67,176610,85041088.20360012,
2025-03-27 13:35:00,QQQ,1743082500000,481.67,481.83,481.1,481.49,203956,98191407.2150999,
2025-03-27 13:36:00,QQQ,1743082560000,481.49,481.8062,480.82,480.8999,214779,103338527.4950002,
2025-03-27 13:37:00,QQQ,1743082620000,480.8999,480.98,480.56,480.5975,254610,122403168.31299993,
2025-03-27 13:38:00,QQQ,1743082680000,480.58,480.97,480.36,480.7141,219217,105362341.80009991,
2025-03-27 13:39:00,QQQ,1743082740000,480.7141,480.9,480.5,480.55,224151,107747519.8115002,
2025-03-27 13:40:00,QQQ,1743082800000,480.54,480.79,480.26,480.765,171505,82401658.23080006,
2025-03-27 13:41:00,QQQ,1743082860000,480.7701,480.83,480.25,480.48,262101,125902760.36540002,
2025-03-27 13:42:00,QQQ,1743082920000,480.48,480.81,480.26,480.47,178506,85788608.84459992,
2025-03-27 13:43:00,QQQ,1743082980000,480.47,481.0,480.4,481.0,185302,89051608.19209987,
2025-03-27 13:44:00,QQQ,1743083040000,481.0,481.31,480.8,481.25,194992,93798342.5236001,
2025-03-27 13:45:00,QQQ,1743083100000,481.25,481.6505,481.24,481.49,146976,70759112.01079999,
2025-03-27 13:46:00,QQQ,1743083160000,481.49,481.89,481.14,481.33,177949,85678567.62629999,
2025-03-27 13:47:00,QQQ,1743083220000,481.33,481.49,480.96,481.22,99300,47785969.30259998,
2025-03-27 13:48:00,QQQ,1743083280000,481.22,481.41,480.798,481.3891,131798,63402982.03359987,
2025-03-27 13:49:00,QQQ,1743083340000,481.3891,482.29,481.35,482.09,206370,99446676.33560008,
2025-03-27 13:50:00,QQQ,1743083400000,482.09,482.57,481.98,482.42,126838,61169582.988900006,
2025-03-27 13:51:00,QQQ,1743083460000,482.41,482.63,482.15,482.15,122201,58954374.4548999,
2025-03-27 13:52:00,QQQ,1743083520000,482.16,482.37,481.93,482.21,86838,41869862.73270008,
2025-03-27 13:53:00,QQQ,1743083580000,482.21,482.41,481.77,482.3709,122924,59252586.52310003,
2025-03-27 13:54:00,QQQ,1743083640000,482.3709,483.61,482.32,483.34,342570,165501952.23730004,
2025-03-27 13:55:00,QQQ,1743083700000,483.34,483.91,483.27,483.6,223987,108309790.09087974,
2025-03-27 13:56:00,QQQ,1743083760000,483.6,483.87,483.36,483.68,89563,43314947.107300036,
2025-03-27 13:57:00,QQQ,1743083820000,483.68,483.75,483.36,483.6,79526,38455685.04880003,
2025-03-27 13:58:00,QQQ,1743083880000,483.6,483.84,483.32,483.55,158209,76496248.3213999,
2025-03-27 13:59:00,QQQ,1743083940000,483.54,483.685,483.41,483.59,91318,44159081.62390001,
2025-03-27 14:00:00,QQQ,1743084000000,483.59,484.18,483.34,484.1,202731,98101929.25279991,
2025-03-27 14:01:00,QQQ,1743084060000,484.1,484.22,483.6401,483.7188,135301,65468411.55899998,
2025-03-27 14:02:00,QQQ,1743084120000,483.7188,484.16,483.53,483.8191,94840,45887931.784299925,
2025-03-27 14:03:00,QQQ,1743084180000,483.8191,483.97,483.5,483.5,64637,31266337.76629998,
2025-03-27 14:04:00,QQQ,1743084240000,483.5,483.88,483.47,483.68,37691,18230090.7607,
2025-03-27 14:05:00,QQQ,1743084300000,483.66,483.99,483.58,483.79,81685,39515334.4582,
2025-03-27 14:06:00,QQQ,1743084360000,483.79,483.99,483.5,483.96,75992,36759609.021599956,
2025-03-27 14:07:00,QQQ,1743084420000,483.96,483.975,483.17,483.5,121041,58513085.88519991,
2025-03-27 14:08:00,QQQ,1743084480000,483.5,483.5,482.78,482.78,85106,41119022.76190001,
2025-03-27 14:09:00,QQQ,1743084540000,482.78,483.27,482.69,483.1201,79696,38493439.710500054,
2025-03-27 14:10:00,QQQ,1743084600000,483.16,483.16,482.41,482.55,76286,36819833.777,
2025-03-27 14:11:00,QQQ,1743084660000,482.55,483.125,482.52,483.0,299864,144780346.06635985,
2025-03-27 14:12:00,QQQ,1743084720000,483.0,483.3463,482.86,483.325,39616,19138495.357599996,
2025-03-27 14:13:00,QQQ,1743084780000,483.325,483.82,483.325,483.82,81312,39324164.27699971,
2025-03-27 14:14:00,QQQ,1743084840000,483.82,484.09,483.7201,483.915,88126,42645224.63454005,
2025-03-27 14:15:00,QQQ,1743084900000,483.915,484.03,483.37,483.5175,81049,39203262.67559996,
2025-03-27 14:16:00,QQQ,1743084960000,483.5175,483.65,483.31,483.38,52786,25522994.9898,
2025-03-27 14:17:00,QQQ,1743085020000,483.38,483.73,483.21,483.73,64895,31375061.598200023,
2025-03-27 14:18:00,QQQ,1743085080000,483.73,483.85,483.41,483.49,48683,23543331.280999992,
2025-03-27 14:19:00,QQQ,1743085140000,483.49,484.04,483.45,483.85,77082,37297544.75979998,
2025-03-27 14:20:00,QQQ,1743085200000,483.85,484.05,483.08,483.13,104729,50629795.34649993,
2025-03-27 14:21:00,QQQ,1743085260000,483.1,483.32,483.0216,483.1601,75269,36368068.90899998,
2025-03-27 14:22:00,QQQ,1743085320000,483.1601,483.4,483.0301,483.04,141480,68354144.55269992,
2025-03-27 14:23:00,QQQ,1743085380000,483.04,483.16,482.93,483.01,37348,18040481.10580004,
2025-03-27 14:24:00,QQQ,1743085440000,483.01,483.42,482.98,483.34,67024,32389659.002499986,
2025-03-27 14:25:00,QQQ,1743085500000,483.354,483.87,483.24,483.72,180959,87541825.64030008,
2025-03-27 14:26:00,QQQ,1743085560000,483.72,483.82,483.565,483.71,55782,26982024.55309998,
2025-03-27 14:27:00,QQQ,1743085620000,483.6785,483.96,483.66,483.7617,127706,61777661.81939995,
2025-03-27 14:28:00,QQQ,1743085680000,483.7617,484.19,483.73,484.17,87749,42467117.124899976,
2025-03-27 14:29:00,QQQ,1743085740000,484.17,484.69,484.135,484.69,207786,100662341.04499994,
2025-03-27 14:30:00,QQQ,1743085800000,484.69,484.89,484.44,484.585,136815,66316543.79169993,
2025-03-27 14:31:00,QQQ,1743085860000,484.575,484.81,484.3417,484.45,67828,32867455.488299984,
2025-03-27 14:32:00,QQQ,1743085920000,484.4398,484.86,484.38,484.85,56354,27307086.16070007,
2025-03-27 14:33:00,QQQ,1743085980000,484.85,484.95,484.58,484.63,104487,50651828.61999995,
2025-03-27 14:34:00,QQQ,1743086040000,484.63,484.93,484.63,484.86,191965,93064309.96470004,
2025-03-27 14:35:00,QQQ,1743086100000,484.86,485.09,484.78,485.09,129768,62928959.90609994,
2025-03-27 14:36:00,QQQ,1743086160000,485.11,485.11,484.81,484.82,93595,45383769.55534999,
2025-03-27 14:37:00,QQQ,1743086220000,484.82,485.38,484.8,485.33,78718,38186409.16830001,
2025-03-27 14:38:00,QQQ,1743086280000,485.33,485.82,485.33,485.79,150631,73144344.6844001,
2025-03-27 14:39:00,QQQ,1743086340000,485.79,485.79,485.4201,485.44,81160,39409642.69710003,
2025-03-27 14:40:00,QQQ,1743086400000,485.44,485.53,485.15,485.5,99073,48077548.65830006,
2025-03-27 14:41:00,QQQ,1743086460000,485.53,485.6894,485.37,485.62,81502,39573287.51070001,
2025-03-27 14:42:00,QQQ,1743086520000,485.62,485.84,485.53,485.65,97577,47384170.58329999,
2025-03-27 14:43:00,QQQ,1743086580000,485.65,485.89,485.6,485.6246,41604,20210075.555100042,
2025-03-27 14:44:00,QQQ,1743086640000,485.605,485.6312,485.4438,485.5925,39607,19231294.7104,
2025-03-27 14:45:00,QQQ,1743086700000,485.5925,485.81,485.47,485.72,107300,52102485.97380003,
2025-03-27 14:46:00,QQQ,1743086760000,485.72,485.775,485.56,485.71,28034,13615497.049759997,
2025-03-27 14:47:00,QQQ,1743086820000,485.71,485.805,485.525,485.525,37810,18362839.09329995,
2025-03-27 14:48:00,QQQ,1743086880000,485.525,485.55,485.34,485.4889,47484,23049680.29220004,
2025-03-27 14:49:00,QQQ,1743086940000,485.4889,485.58,485.1601,485.21,60737,29476225.33040001,
2025-03-27 14:50:00,QQQ,1743087000000,485.21,485.49,485.0,485.0,78684,38185002.770200044,
2025-03-27 14:51:00,QQQ,1743087060000,485.005,485.46,484.9,485.45,62734,30437706.854099974,
2025-03-27 14:52:00,QQQ,1743087120000,485.45,485.645,485.4,485.61,45191,21940996.034100015,
2025-03-27 14:53:00,QQQ,1743087180000,485.61,486.13,485.58,486.1,121485,59032253.82270006,
2025-03-27 14:54:00,QQQ,1743087240000,486.1,486.26,485.95,486.25,143311,69662713.11450005,
2025-03-27 14:55:00,QQQ,1743087300000,486.25,486.4664,486.16,486.45,83003,40369320.387,
2025-03-27 14:56:00,QQQ,1743087360000,486.45,486.5799,485.94,486.06,152985,74390062.9430002,
2025-03-27 14:57:00,QQQ,1743087420000,486.065,486.15,485.985,486.0509,58595,28481586.079499982,
2025-03-27 14:58:00,QQQ,1743087480000,486.0509,486.09,485.9,486.02,38296,18612182.69289999,
2025-03-27 14:59:00,QQQ,1743087540000,486.02,486.37,485.96,486.35,82902,40297641.50129999,
2025-03-27 15:00:00,QQQ,1743087600000,486.35,486.45,486.13,486.345,54649,26573761.76929998,
2025-03-27 15:01:00,QQQ,1743087660000,486.345,486.425,486.04,486.14,42080,20463099.54150001,
2025-03-27 15:02:00,QQQ,1743087720000,486.14,486.2,485.94,485.97,131287,63816841.47669993,
2025-03-27 15:03:00,QQQ,1743087780000,485.97,486.0,485.7442,485.84,41718,20269145.752300005,
2025-03-27 15:04:00,QQQ,1743087840000,485.87,485.985,485.7699,485.95,36448,17709262.977699995,
2025-03-27 15:05:00,QQQ,1743087900000,485.95,486.11,485.82,485.91,39584,19236758.311600026,
2025-03-27 15:06:00,QQQ,1743087960000,485.9223,486.2,485.9223,486.15,25447,12368521.991599988,
2025-03-27 15:07:00,QQQ,1743088020000,486.15,486.2,485.88,485.98,33691,16375044.055000007,
2025-03-27 15:08:00,QQQ,1743088080000,485.98,486.0153,485.48,485.56,88005,42741020.80150003,
2025-03-27 15:09:00,QQQ,1743088140000,485.56,485.56,485.35,485.36,56630,27489113.645199973,
2025-03-27 15:10:00,QQQ,1743088200000,485.36,486.02,485.25,485.9,124117,60284052.15299995,
2025-03-27 15:11:00,QQQ,1743088260000,485.9,485.96,485.5,485.77,95599,46438310.68179996,
2025-03-27 15:12:00,QQQ,1743088320000,485.77,485.84,485.5403,485.72,30193,14664676.970299998,
2025-03-27 15:13:00,QQQ,1743088380000,485.725,485.75,485.52,485.55,25008,12144257.331500005,
2025-03-27 15:14:00,QQQ,1743088440000,485.55,485.76,485.55,485.69,43979,21358706.24839999,
2025-03-27 15:15:00,QQQ,1743088500000,485.73,485.73,485.3038,485.4232,41234,20017970.726900022,
2025-03-27 15:16:00,QQQ,1743088560000,485.4232,485.52,485.21,485.2299,46602,22617576.425799996,
2025-03-27 15:17:00,QQQ,1743088620000,485.2299,485.48,485.15,485.44,48928,23748493.902800016,
2025-03-27 15:18:00,QQQ,1743088680000,485.44,485.65,485.44,485.55,68745,33381197.867400013,
2025-03-27 15:19:00,QQQ,1743088740000,485.55,485.85,485.538,485.73,60048,29164679.472700015,
2025-03-27 15:20:00,QQQ,1743088800000,485.73,485.77,485.19,485.19,89380,43391918.14509995,
2025-03-27 15:21:00,QQQ,1743088860000,485.22,485.505,485.1601,485.491,32193,15625464.580520004,
2025-03-27 15:22:00,QQQ,1743088920000,485.491,485.53,485.13,485.1963,36845,17883111.548299987,
2025-03-27 15:23:00,QQQ,1743088980000,485.1963,485.535,485.1963,485.4812,31975,15519380.207999995,
2025-03-27 15:24:00,QQQ,1743089040000,485.4812,485.6,485.4812,485.57,40135,19487369.200099986,
2025-03-27 15:25:00,QQQ,1743089100000,485.57,485.71,485.37,485.6403,43377,21061670.4549,
2025-03-27 15:26:00,QQQ,1743089160000,485.6403,485.76,485.48,485.535,46049,22360956.724399995,
2025-03-27 15:27:00,QQQ,1743089220000,485.53,485.59,485.29,485.35,35537,17251982.201399997,
2025-03-27 15:28:00,QQQ,1743089280000,485.35,485.43,485.2,485.27,21776,10568008.87539999,
2025-03-27 15:29:00,QQQ,1743089340000,485.27,485.3,484.92,484.97,53733,26062581.08569998,
2025-03-27 15:30:00,QQQ,1743089400000,484.99,484.99,484.3,484.315,144629,70083435.94089991,
2025-03-27 15:31:00,QQQ,1743089460000,484.315,484.66,484.27,484.321,71295,34538358.92430002,
2025-03-27 15:32:00,QQQ,1743089520000,484.321,484.43,484.13,484.4,169166,81925987.58070001,
2025-03-27 15:33:00,QQQ,1743089580000,484.4,484.45,484.0102,484.16,70682,34228340.67429998,
2025-03-27 15:34:00,QQQ,1743089640000,484.16,484.18,483.96,484.06,272672,131989415.54369989,
2025-03-27 15:35:00,QQQ,1743089700000,484.06,484.37,484.021,484.31,161119,78027121.47219998,
2025-03-27 15:36:00,QQQ,1743089760000,484.31,484.33,484.0,484.17,73044,35364478.880400054,
2025-03-27 15:37:00,QQQ,1743089820000,484.17,484.23,483.84,483.99,77900,37703041.544300035,
2025-03-27 15:38:00,QQQ,1743089880000,483.99,484.04,483.67,483.6725,62758,30367187.10819999,
2025-03-27 15:39:00,QQQ,1743089940000,483.6725,483.85,483.53,483.78,108660,52557902.78530007,
2025-03-27 15:40:00,QQQ,1743090000000,483.78,483.91,483.51,483.56,86975,42076169.302399985,
2025-03-27 15:41:00,QQQ,1743090060000,483.56,483.56,483.2,483.27,110480,53404703.71060005,
2025-03-27 15:42:00,QQQ,1743090120000,483.27,483.76,483.21,483.5957,101424,49047799.836900026,
2025-03-27 15:43:00,QQQ,1743090180000,483.5957,483.74,483.4617,483.51,49589,23982231.917,
2025-03-27 15:44:00,QQQ,1743090240000,483.51,483.64,483.291,483.5732,90387,43701090.278699994,
2025-03-27 15:45:00,QQQ,1743090300000,483.5732,483.65,483.28,483.37,65355,31592646.58741001,
2025-03-27 15:46:00,QQQ,1743090360000,483.37,483.485,483.215,483.25,52492,25371643.55210001,
2025-03-27 15:47:00,QQQ,1743090420000,483.25,483.32,482.95,483.1,84452,40800714.13340005,
2025-03-27 15:48:00,QQQ,1743090480000,483.1,483.26,482.94,483.12,49626,23975472.64639999,
2025-03-27 15:49:00,QQQ,1743090540000,483.14,483.18,482.92,483.01,41899,20240631.8066,
2025-03-27 15:50:00,QQQ,1743090600000,483.01,483.54,483.01,483.49,289522,139894554.8894998,
2025-03-27 15:51:00,QQQ,1743090660000,483.49,483.73,483.49,483.67,53943,26086219.65859998,
2025-03-27 15:52:00,QQQ,1743090720000,483.67,483.76,483.28,483.35,60951,29475008.93669999,
2025-03-27 15:53:00,QQQ,1743090780000,483.35,483.68,483.35,483.49,54254,26235060.22859999,
2025-03-27 15:54:00,QQQ,1743090840000,483.49,483.71,483.43,483.71,475989,230146726.07410005,
2025-03-27 15:55:00,QQQ,1743090900000,483.71,483.72,483.43,483.58,60925,29459996.206000023,
2025-03-27 15:56:00,QQQ,1743090960000,483.58,483.58,483.26,483.4,57308,27701835.08860002,
2025-03-27 15:57:00,QQQ,1743091020000,483.4,483.48,483.22,483.25,25782,12460782.200099986,
2025-03-27 15:58:00,QQQ,1743091080000,483.25,483.275,482.87,482.8839,63217,30535819.096299984,
2025-03-27 15:59:00,QQQ,1743091140000,482.8839,483.01,482.78,482.91,67401,32547560.40330004,
2025-03-27 16:00:00,QQQ,1743091200000,482.91,483.15,482.69,483.09,69934,33775280.7385,
2025-03-27 16:01:00,QQQ,1743091260000,483.09,483.23,482.83,483.13,134305,64877777.36513993,
2025-03-27 16:02:00,QQQ,1743091320000,483.13,483.22,482.92,483.17,25032,12092278.365400001,
2025-03-27 16:03:00,QQQ,1743091380000,483.17,483.4799,483.17,483.37,311449,150500227.17900005,
2025-03-27 16:04:00,QQQ,1743091440000,483.37,483.56,483.37,483.43,47950,23180524.222700026,
2025-03-27 16:05:00,QQQ,1743091500000,483.43,483.56,483.29,483.34,87725,42409164.36819996,
2025-03-27 16:06:00,QQQ,1743091560000,483.34,483.98,483.33,483.98,80517,38941018.663979985,
2025-03-27 16:07:00,QQQ,1743091620000,483.98,484.17,483.7401,483.8,103599,50144564.05230006,
2025-03-27 16:08:00,QQQ,1743091680000,483.83,483.84,483.5651,483.84,55405,26798937.02210001,
2025-03-27 16:09:00,QQQ,1743091740000,483.84,484.26,483.8,484.22,182589,88393230.08729997,
2025-03-27 16:10:00,QQQ,1743091800000,484.21,484.24,483.65,483.81,86810,42003459.99260001,
2025-03-27 16:11:00,QQQ,1743091860000,483.8084,484.03,483.7101,483.87,29105,14084128.2629,
2025-03-27 16:12:00,QQQ,1743091920000,483.87,484.0698,483.84,483.9901,17527,8482202.310600001,
2025-03-27 16:13:00,QQQ,1743091980000,483.9901,484.18,483.89,484.18,18751,9075572.149740007,
2025-03-27 16:14:00,QQQ,1743092040000,484.18,484.22,484.1,484.19,16584,8029632.547600005,
2025-03-27 16:15:00,QQQ,1743092100000,484.19,484.48,484.07,484.4701,67806,32837932.94649998,
2025-03-27 16:16:00,QQQ,1743092160000,484.47,484.86,484.47,484.725,71390,34601321.2385,
2025-03-27 16:17:00,QQQ,1743092220000,484.725,484.9799,484.725,484.9387,69982,33933797.25139999,
2025-03-27 16:18:00,QQQ,1743092280000,484.9387,485.12,484.88,485.068,86508,41959439.930900045,
2025-03-27 16:19:00,QQQ,1743092340000,485.06,485.23,485.02,485.02,70002,33955750.03793998,
2025-03-27 16:20:00,QQQ,1743092400000,485.02,485.48,485.02,485.29,143621,69693987.85809997,
2025-03-27 16:21:00,QQQ,1743092460000,485.29,485.38,484.91,484.95,179138,86902047.43090022,
2025-03-27 16:22:00,QQQ,1743092520000,484.95,485.07,484.76,484.83,54058,26212077.33699998,
2025-03-27 16:23:00,QQQ,1743092580000,484.83,484.835,484.56,484.5673,39513,19150227.701699987,
2025-03-27 16:24:00,QQQ,1743092640000,484.5673,484.59,484.39,484.465,50358,24399109.990200005,
2025-03-27 16:25:00,QQQ,1743092700000,484.465,484.47,484.03,484.05,41977,20326690.141699992,
2025-03-27 16:26:00,QQQ,1743092760000,484.05,484.27,483.93,484.17,224372,108607602.00589995,
2025-03-27 16:27:00,QQQ,1743092820000,484.13,484.16,483.88,484.12,24993,12097554.108200012,
2025-03-27 16:28:00,QQQ,1743092880000,484.12,484.15,483.8901,483.8901,19466,9422275.587999998,
2025-03-27 16:29:00,QQQ,1743092940000,483.8901,483.96,483.535,483.665,38981,18856947.842699997,
2025-03-27 16:30:00,QQQ,1743093000000,483.665,484.09,483.66,484.0399,52778,25538612.8455,
2025-03-27 16:31:00,QQQ,1743093060000,484.0399,484.24,484.01,484.0379,28710,13900042.229000008,
2025-03-27 16:32:00,QQQ,1743093120000,484.0379,484.33,484.0379,484.33,32282,15630744.269599997,
2025-03-27 16:33:00,QQQ,1743093180000,484.33,484.42,484.235,484.2801,28996,14044151.761799991,
2025-03-27 16:34:00,QQQ,1743093240000,484.2801,484.325,483.84,483.92,52805,25559733.434500005,
2025-03-27 16:35:00,QQQ,1743093300000,483.92,483.9612,483.62,483.62,22602,10935362.368700016,
2025-03-27 16:36:00,QQQ,1743093360000,483.62,483.76,483.56,483.74,28551,13810026.963000018,
2025-03-27 16:37:00,QQQ,1743093420000,483.75,483.95,483.44,483.56,93882,45407243.01129999,
2025-03-27 16:38:00,QQQ,1743093480000,483.56,483.72,483.47,483.65,36777,17785001.038300004,
2025-03-27 16:39:00,QQQ,1743093540000,483.65,483.915,483.65,483.81,49356,23879596.972350013,
2025-03-27 16:40:00,QQQ,1743093600000,483.8,484.045,483.6301,484.04,36239,17533669.605499994,
2025-03-27 16:41:00,QQQ,1743093660000,484.04,484.11,483.94,484.07,32331,15649070.950400008,
2025-03-27 16:42:00,QQQ,1743093720000,484.07,484.13,483.87,483.875,17324,8384828.813900002,
2025-03-27 16:43:00,QQQ,1743093780000,483.875,484.3,483.8,484.27,37201,18010803.468900003,
2025-03-27 16:44:00,QQQ,1743093840000,484.27,484.28,483.85,483.9281,29784,14416097.766099997,
2025-03-27 16:45:00,QQQ,1743093900000,483.9281,484.17,483.82,483.88,40986,19837389.982900005,
2025-03-27 16:46:00,QQQ,1743093960000,483.86,483.86,483.6902,483.6902,13668,6612360.682400014,
2025-03-27 16:47:00,QQQ,1743094020000,483.6902,483.6902,483.3419,483.3815,21666,10475203.607699994,
2025-03-27 16:48:00,QQQ,1743094080000,483.3815,483.4,483.08,483.085,50736,24515589.2264,
2025-03-27 16:49:00,QQQ,1743094140000,483.085,483.11,482.8601,482.8905,51027,24645145.461100016,
2025-03-27 16:50:00,QQQ,1743094200000,482.8905,482.99,482.44,482.595,81334,39252112.36436001,
2025-03-27 16:51:00,QQQ,1743094260000,482.595,482.8,482.39,482.6899,77874,37584159.08590006,
2025-03-27 16:52:00,QQQ,1743094320000,482.6899,482.6899,482.37,482.58,42446,20480164.413380012,
2025-03-27 16:53:00,QQQ,1743094380000,482.58,482.79,482.52,482.6199,61719,29791078.206199996,
2025-03-27 16:54:00,QQQ,1743094440000,482.6199,482.73,482.47,482.7201,36850,17783418.6258,
2025-03-27 16:55:00,QQQ,1743094500000,482.73,482.76,482.41,482.45,139821,67463847.0372,
2025-03-27 16:56:00,QQQ,1743094560000,482.45,482.47,482.2,482.38,50756,24480334.688199986,
2025-03-27 16:57:00,QQQ,1743094620000,482.38,482.4,482.02,482.14,58247,28083612.105399996,
2025-03-27 16:58:00,QQQ,1743094680000,482.14,482.14,481.91,482.11,55484,26745092.23719997,
2025-03-27 16:59:00,QQQ,1743094740000,482.11,482.12,481.92,481.97,88261,42545610.25500001,
2025-03-27 17:00:00,QQQ,1743094800000,481.96,482.26,481.94,482.02,99718,48073736.31799997,
2025-03-27 17:01:00,QQQ,1743094860000,482.02,482.31,482.0,482.0187,38716,18666099.6355,
2025-03-27 17:02:00,QQQ,1743094920000,482.0187,482.21,481.79,482.0699,59471,28667919.54220003,
2025-03-27 17:03:00,QQQ,1743094980000,482.0699,482.57,482.01,482.57,90492,43650371.64829998,
2025-03-27 17:04:00,QQQ,1743095040000,482.57,482.61,482.3459,482.48,34014,16412823.070400005,
2025-03-27 17:05:00,QQQ,1743095100000,482.48,482.58,482.1102,482.34,30957,14933414.591500033,
2025-03-27 17:06:00,QQQ,1743095160000,482.34,482.68,482.23,482.6699,51311,24754067.09368,
2025-03-27 17:07:00,QQQ,1743095220000,482.6699,482.75,482.6,482.65,36027,17389445.93299999,
2025-03-27 17:08:00,QQQ,1743095280000,482.65,482.82,482.64,482.7882,30496,14721624.189199997,
2025-03-27 17:09:00,QQQ,1743095340000,482.7882,482.95,482.68,482.72,35893,17330782.1977,
2025-03-27 17:10:00,QQQ,1743095400000,482.72,482.8,482.57,482.785,20478,9884180.392600002,
2025-03-27 17:11:00,QQQ,1743095460000,482.785,483.07,482.73,483.03,88722,42851075.21929999,
2025-03-27 17:12:00,QQQ,1743095520000,483.03,483.23,482.9452,482.95,34995,16905486.6113,
2025-03-27 17:13:00,QQQ,1743095580000,482.95,483.13,482.9499,483.01,35753,17270940.095899995,
2025-03-27 17:14:00,QQQ,1743095640000,483.01,483.26,482.94,483.26,37412,18074355.13298,
2025-03-27 17:15:00,QQQ,1743095700000,483.26,483.35,483.18,483.216,34200,16527510.119900009,
2025-03-27 17:16:00,QQQ,1743095760000,483.216,483.43,483.2,483.25,17259,8341791.4129000055,
2025-03-27 17:17:00,QQQ,1743095820000,483.25,483.28,483.11,483.18,21234,10259763.542299997,
2025-03-27 17:18:00,QQQ,1743095880000,483.18,483.2404,483.06,483.11,23942,11567097.352000007,
2025-03-27 17:19:00,QQQ,1743095940000,483.11,483.33,482.92,482.93,140943,68084257.97910008,
2025-03-27 17:20:00,QQQ,1743096000000,482.93,483.17,482.84,483.11,39350,19005226.0599,
2025-03-27 17:21:00,QQQ,1743096060000,483.11,483.2,482.8918,482.91,20060,9690603.794899998,
2025-03-27 17:22:00,QQQ,1743096120000,482.91,483.0,482.55,482.74,34057,16439643.381700002,
2025-03-27 17:23:00,QQQ,1743096180000,482.7,482.7728,482.52,482.62,29813,14388472.488199979,
2025-03-27 17:24:00,QQQ,1743096240000,482.62,482.92,482.53,482.88,44312,21391129.76370001,
2025-03-27 17:25:00,QQQ,1743096300000,482.88,482.9,482.4612,482.5522,53251,25699461.226899996,
2025-03-27 17:26:00,QQQ,1743096360000,482.5522,482.84,482.54,482.71,12793,6175484.353799999,
2025-03-27 17:27:00,QQQ,1743096420000,482.71,482.87,482.55,482.57,16632,8029394.675699998,
2025-03-27 17:28:00,QQQ,1743096480000,482.57,482.63,482.41,482.43,33596,16209427.782000003,
2025-03-27 17:29:00,QQQ,1743096540000,482.43,482.43,481.9,482.02,55309,26663658.428999998,
2025-03-27 17:30:00,QQQ,1743096600000,481.95,482.5,481.91,482.4801,68582,33075299.25940003,
2025-03-27 17:31:00,QQQ,1743096660000,482.4801,482.53,482.16,482.52,43819,21138139.55669997,
2025-03-27 17:32:00,QQQ,1743096720000,482.54,482.55,482.26,482.3294,27423,13228640.901899967,
2025-03-27 17:33:00,QQQ,1743096780000,482.3294,482.75,482.32,482.75,31063,14990637.81219999,
2025-03-27 17:34:00,QQQ,1743096840000,482.75,482.79,482.4,482.415,31910,15398935.354599984,
2025-03-27 17:35:00,QQQ,1743096900000,482.415,482.49,482.2831,482.4101,24848,11987243.973000001,
2025-03-27 17:36:00,QQQ,1743096960000,482.4101,482.4101,481.95,482.0,35074,16912057.11599999,
2025-03-27 17:37:00,QQQ,1743097020000,482.0,482.16,481.86,482.1,32384,15609335.11970002,
2025-03-27 17:38:00,QQQ,1743097080000,482.1,482.15,481.955,482.06,48065,23169673.548999995,
2025-03-27 17:39:00,QQQ,1743097140000,482.06,482.46,482.06,482.36,69577,33554522.34600001,
2025-03-27 17:40:00,QQQ,1743097200000,482.36,482.43,482.1502,482.155,15681,7562843.941600002,
2025-03-27 17:41:00,QQQ,1743097260000,482.155,482.57,482.12,482.54,38236,18446212.480299994,
2025-03-27 17:42:00,QQQ,1743097320000,482.54,482.55,482.29,482.3723,12378,5970903.054300002,
2025-03-27 17:43:00,QQQ,1743097380000,482.3723,482.48,482.2246,482.25,13473,6498749.61839999,
2025-03-27 17:44:00,QQQ,1743097440000,482.25,482.3,482.11,482.25,8954,4317785.160679997,
2025-03-27 17:45:00,QQQ,1743097500000,482.25,482.47,482.25,482.47,28912,13946427.156199997,
2025-03-27 17:46:00,QQQ,1743097560000,482.47,482.7051,482.36,482.7051,43227,20859165.95129999,
2025-03-27 17:47:00,QQQ,1743097620000,482.7051,483.105,482.685,482.9706,75783,36600271.445499994,
2025-03-27 17:48:00,QQQ,1743097680000,482.9706,482.9706,482.5812,482.61,26852,12962905.138299983,
2025-03-27 17:49:00,QQQ,1743097740000,482.61,482.965,482.61,482.95,35362,17073746.095899995,
2025-03-27 17:50:00,QQQ,1743097800000,482.95,483.27,482.93,483.1401,49380,23853841.14869999,
2025-03-27 17:51:00,QQQ,1743097860000,483.1401,483.28,482.82,482.8303,36633,17695247.271099992,
2025-03-27 17:52:00,QQQ,1743097920000,482.8303,482.96,482.58,482.58,22857,11035130.272400005,
2025-03-27 17:53:00,QQQ,1743097980000,482.58,482.5956,482.19,482.242,72029,34741866.75549998,
2025-03-27 17:54:00,QQQ,1743098040000,482.242,482.28,481.94,482.0101,32576,15704451.076199984,
2025-03-27 17:55:00,QQQ,1743098100000,482.0101,482.14,481.98,482.04,19400,9352105.9191,
2025-03-27 17:56:00,QQQ,1743098160000,482.04,482.3,482.04,482.1925,124831,60193416.778999954,
2025-03-27 17:57:00,QQQ,1743098220000,482.1925,482.31,482.1002,482.15,20248,9763074.781000005,
2025-03-27 17:58:00,QQQ,1743098280000,482.15,482.185,481.96,482.13,41283,19900845.409599993,
2025-03-27 17:59:00,QQQ,1743098340000,482.13,482.249,482.0254,482.09,5769,2781288.4523999984,
2025-03-27 18:00:00,QQQ,1743098400000,482.09,482.4679,482.025,482.44,30992,14947530.138599997,
2025-03-27 18:01:00,QQQ,1743098460000,482.45,482.49,482.21,482.34,16025,7729679.423800005,
2025-03-27 18:02:00,QQQ,1743098520000,482.34,482.72,482.34,482.65,24395,11772287.273800014,
2025-03-27 18:03:00,QQQ,1743098580000,482.65,483.55,482.56,482.61,48187,23259352.90859998,
2025-03-27 18:04:00,QQQ,1743098640000,482.61,482.8512,482.55,482.8202,19050,9195519.884700002,
2025-03-27 18:05:00,QQQ,1743098700000,482.8202,482.99,482.8017,482.9048,36864,17801916.107200015,
2025-03-27 18:06:00,QQQ,1743098760000,482.9048,483.2,482.9048,483.194,40792,19705605.952900015,
2025-03-27 18:07:00,QQQ,1743098820000,483.194,483.4,483.17,483.32,27670,13373006.967000002,
2025-03-27 18:08:00,QQQ,1743098880000,483.34,483.49,483.01,483.29,103762,50141958.66299998,
2025-03-27 18:09:00,QQQ,1743098940000,483.29,483.51,483.1054,483.1999,37735,18238688.368099988,
2025-03-27 18:10:00,QQQ,1743099000000,483.1999,483.3962,483.14,483.34,15932,7700279.348600003,
2025-03-27 18:11:00,QQQ,1743099060000,483.34,483.5,483.05,483.08,25543,12343891.891400006,
2025-03-27 18:12:00,QQQ,1743099120000,483.08,483.46,483.05,483.24,43247,20902081.2431,
2025-03-27 18:13:00,QQQ,1743099180000,483.24,483.38,483.06,483.34,30685,14827037.291299997,
2025-03-27 18:14:00,QQQ,1743099240000,483.34,483.73,483.34,483.73,51446,24878271.798000004,
2025-03-27 18:15:00,QQQ,1743099300000,483.73,483.78,483.48,483.78,41019,19837872.287100013,
2025-03-27 18:16:00,QQQ,1743099360000,483.78,483.88,483.64,483.65,66254,32053167.187799968,
2025-03-27 18:17:00,QQQ,1743099420000,483.65,483.75,483.451,483.48,58246,28166153.473399993,
2025-03-27 18:18:00,QQQ,1743099480000,483.48,483.48,483.13,483.19,56661,27383506.552899998,
2025-03-27 18:19:00,QQQ,1743099540000,483.19,483.38,483.14,483.31,24579,11878948.916400004,
2025-03-27 18:20:00,QQQ,1743099600000,483.31,483.46,483.2068,483.43,24429,11807984.415699996,
2025-03-27 18:21:00,QQQ,1743099660000,483.43,483.58,483.41,483.4301,32145,15541744.458699992,
2025-03-27 18:22:00,QQQ,1743099720000,483.4301,483.68,483.4301,483.6698,19181,9275319.8504,
2025-03-27 18:23:00,QQQ,1743099780000,483.6698,483.74,483.54,483.5825,47997,23213370.116099987,
2025-03-27 18:24:00,QQQ,1743099840000,483.5825,483.67,483.07,483.09,44654,21581442.501299974,
2025-03-27 18:25:00,QQQ,1743099900000,483.09,483.27,482.81,483.18,71401,34485854.83799998,
2025-03-27 18:26:00,QQQ,1743099960000,483.18,483.38,483.0658,483.21,32211,15564934.061899995,
2025-03-27 18:27:00,QQQ,1743100020000,483.21,483.49,483.2,483.27,25480,12316729.733300006,
2025-03-27 18:28:00,QQQ,1743100080000,483.27,483.46,483.09,483.46,25416,12284490.584699996,
2025-03-27 18:29:00,QQQ,1743100140000,483.47,483.47,483.08,483.15,13871,6703669.413699999,
2025-03-27 18:30:00,QQQ,1743100200000,483.15,483.4,482.98,483.38,41304,19957621.228500016,
2025-03-27 18:31:00,QQQ,1743100260000,483.38,483.39,483.083,483.16,75529,36494961.5245,
2025-03-27 18:32:00,QQQ,1743100320000,483.16,483.18,482.9,483.08,75949,36682509.13940002,
2025-03-27 18:33:00,QQQ,1743100380000,483.08,483.26,482.67,483.1442,67472,32590155.625000004,
2025-03-27 18:34:00,QQQ,1743100440000,483.1442,483.3,483.11,483.3,22005,10633032.844800008,
2025-03-27 18:35:00,QQQ,1743100500000,483.3,483.48,483.2,483.475,34088,16476862.54519999,
2025-03-27 18:36:00,QQQ,1743100560000,483.475,483.63,483.16,483.46,117995,57050136.260100015,
2025-03-27 18:37:00,QQQ,1743100620000,483.46,483.62,483.3295,483.58,43012,20797917.048199993,
2025-03-27 18:38:00,QQQ,1743100680000,483.58,483.62,483.201,483.22,44682,21599503.799899973,
2025-03-27 18:39:00,QQQ,1743100740000,483.2281,483.71,483.2281,483.61,47064,22756625.59540001,
2025-03-27 18:40:00,QQQ,1743100800000,483.61,483.76,483.54,483.61,29668,14348649.0108,
2025-03-27 18:41:00,QQQ,1743100860000,483.61,483.8412,483.48,483.8201,38267,18511538.389699984,
2025-03-27 18:42:00,QQQ,1743100920000,483.8201,484.19,483.8201,483.97,83975,40645156.19120005,
2025-03-27 18:43:00,QQQ,1743100980000,483.95,483.95,483.61,483.6494,25248,12213687.373000003,
2025-03-27 18:44:00,QQQ,1743101040000,483.6494,483.81,483.57,483.6401,25393,12282147.648799995,
2025-03-27 18:45:00,QQQ,1743101100000,483.6401,483.8498,483.6401,483.75,13315,6441316.9529,
2025-03-27 18:46:00,QQQ,1743101160000,483.75,484.06,483.68,484.01,33236,16083282.873899994,
2025-03-27 18:47:00,QQQ,1743101220000,484.01,484.02,483.81,483.8152,15825,7657521.825499999,
2025-03-27 18:48:00,QQQ,1743101280000,483.8152,484.06,483.8152,484.03,41835,20245558.29359998,
2025-03-27 18:49:00,QQQ,1743101340000,484.03,484.12,483.98,484.03,21231,10277121.133299991,
2025-03-27 18:50:00,QQQ,1743101400000,484.03,484.13,483.98,484.11,30370,14700343.019400002,
2025-03-27 18:51:00,QQQ,1743101460000,484.11,484.3,484.02,484.22,38250,18519630.179700032,
2025-03-27 18:52:00,QQQ,1743101520000,484.22,484.39,484.1941,484.22,18646,9029833.416500002,
2025-03-27 18:53:00,QQQ,1743101580000,484.22,484.31,483.81,483.84,40746,19722637.6622,
2025-03-27 18:54:00,QQQ,1743101640000,483.84,484.14,483.8,484.0813,22964,11113357.881299976,
2025-03-27 18:55:00,QQQ,1743101700000,484.0813,484.0813,483.42,483.47,30086,14550803.021899996,
2025-03-27 18:56:00,QQQ,1743101760000,483.47,483.5969,483.3,483.4012,38150,18441701.055600006,
2025-03-27 18:57:00,QQQ,1743101820000,483.4012,483.47,483.1509,483.24,21125,10210184.232899996,
2025-03-27 18:58:00,QQQ,1743101880000,483.24,483.24,483.0825,483.1185,32245,15578651.297600005,
2025-03-27 18:59:00,QQQ,1743101940000,483.11,483.11,482.72,482.87,73406,35448793.139899984,
2025-03-27 19:00:00,QQQ,1743102000000,482.87,483.06,482.6436,483.04,53558,25859855.798700027,
2025-03-27 19:01:00,QQQ,1743102060000,483.04,483.26,482.93,483.21,45081,21777843.377999987,
2025-03-27 19:02:00,QQQ,1743102120000,483.1915,483.4298,483.1401,483.34,34105,16482627.58180001,
2025-03-27 19:03:00,QQQ,1743102180000,483.34,483.47,483.21,483.35,25238,12198709.9249,
2025-03-27 19:04:00,QQQ,1743102240000,483.35,483.43,483.16,483.2388,40375,19511367.034399986,
2025-03-27 19:05:00,QQQ,1743102300000,483.2388,483.2388,482.82,482.95,31158,15049187.044899996,
2025-03-27 19:06:00,QQQ,1743102360000,482.95,483.29,482.95,483.29,97052,46886089.45740003,
2025-03-27 19:07:00,QQQ,1743102420000,483.29,483.34,483.1,483.1,22775,11004894.7576,
2025-03-27 19:08:00,QQQ,1743102480000,483.1,483.19,482.93,483.148,145399,70231107.71786007,
2025-03-27 19:09:00,QQQ,1743102540000,483.148,483.26,483.1,483.12,23670,11436762.740499986,
2025-03-27 19:10:00,QQQ,1743102600000,483.12,483.25,483.0141,483.21,14719,7110944.712,
2025-03-27 19:11:00,QQQ,1743102660000,483.21,483.4,483.175,483.4,23124,11176218.048200013,
2025-03-27 19:12:00,QQQ,1743102720000,483.4,483.4995,483.3201,483.34,23915,11560864.055099998,
2025-03-27 19:13:00,QQQ,1743102780000,483.3568,483.77,483.34,483.71,30141,14576287.326219987,
2025-03-27 19:14:00,QQQ,1743102840000,483.71,484.12,483.71,484.08,47934,23196692.625099994,
2025-03-27 19:15:00,QQQ,1743102900000,484.08,484.31,483.93,484.06,72381,35043199.591400035,
2025-03-27 19:16:00,QQQ,1743102960000,484.06,484.06,483.8,483.96,65703,31796069.35629997,
2025-03-27 19:17:00,QQQ,1743103020000,483.96,484.1162,483.8315,484.02,28046,13573109.261700004,
2025-03-27 19:18:00,QQQ,1743103080000,484.02,484.09,483.87,484.025,17395,8419171.928199997,
2025-03-27 19:19:00,QQQ,1743103140000,484.025,484.2,484.0,484.1272,20577,9961630.725799998,
2025-03-27 19:20:00,QQQ,1743103200000,484.1272,484.275,484.04,484.21,48767,23611961.319999997,
2025-03-27 19:21:00,QQQ,1743103260000,484.1995,484.57,484.19,484.45,91298,44227743.57069998,
2025-03-27 19:22:00,QQQ,1743103320000,484.45,484.89,484.45,484.8384,194215,94139058.54959987,
2025-03-27 19:23:00,QQQ,1743103380000,484.8384,484.8384,484.5,484.604,102411,49629123.15809999,
2025-03-27 19:24:00,QQQ,1743103440000,484.604,484.72,484.44,484.58,73395,35567134.53350004,
2025-03-27 19:25:00,QQQ,1743103500000,484.58,484.58,484.3567,484.3952,42576,20625976.995799992,
2025-03-27 19:26:00,QQQ,1743103560000,484.3952,484.56,484.19,484.5388,39441,19103629.568199992,
2025-03-27 19:27:00,QQQ,1743103620000,484.52,484.58,484.335,484.335,74341,36018330.068800025,
2025-03-27 19:28:00,QQQ,1743103680000,484.335,484.47,484.22,484.4001,29451,14263589.043200005,
2025-03-27 19:29:00,QQQ,1743103740000,484.4001,484.53,484.335,484.41,84152,40763656.27139998,
2025-03-27 19:30:00,QQQ,1743103800000,484.41,484.46,483.79,483.83,102547,49634196.08619991,
2025-03-27 19:31:00,QQQ,1743103860000,483.83,483.83,483.49,483.56,94504,45699103.48893999,
2025-03-27 19:32:00,QQQ,1743103920000,483.57,483.85,483.57,483.79,63718,30824603.048599984,
2025-03-27 19:33:00,QQQ,1743103980000,483.79,483.82,483.53,483.53,25108,12144420.7768,
2025-03-27 19:34:00,QQQ,1743104040000,483.53,483.8,483.39,483.8,33406,16156215.689599996,
2025-03-27 19:35:00,QQQ,1743104100000,483.8,483.88,483.48,483.53,22994,11122445.740499996,
2025-03-27 19:36:00,QQQ,1743104160000,483.53,483.57,483.42,483.57,51668,24979193.478500023,
2025-03-27 19:37:00,QQQ,1743104220000,483.57,483.72,483.35,483.46,35230,17034672.85759999,
2025-03-27 19:38:00,QQQ,1743104280000,483.46,483.52,483.23,483.36,21159,10227317.640599992,
2025-03-27 19:39:00,QQQ,1743104340000,483.36,483.42,483.22,483.33,18964,9165393.500899998,
2025-03-27 19:40:00,QQQ,1743104400000,483.33,483.5,483.05,483.43,72735,35150913.92109997,
2025-03-27 19:41:00,QQQ,1743104460000,483.43,483.72,483.38,483.4037,136110,65806209.962699994,
2025-03-27 19:42:00,QQQ,1743104520000,483.4037,483.41,483.02,483.25,27139,13114090.070600001,
2025-03-27 19:43:00,QQQ,1743104580000,483.25,483.59,483.25,483.36,31444,15199669.011500012,
2025-03-27 19:44:00,QQQ,1743104640000,483.41,483.51,483.28,483.3698,86831,41975976.51540001,
2025-03-27 19:45:00,QQQ,1743104700000,483.3698,483.51,483.2599,483.475,38159,18447505.10529998,
2025-03-27 19:46:00,QQQ,1743104760000,483.475,483.49,483.18,483.18,37879,18309771.379500013,
2025-03-27 19:47:00,QQQ,1743104820000,483.18,483.26,483.08,483.26,39764,19212510.95380001,
2025-03-27 19:48:00,QQQ,1743104880000,483.26,483.35,483.14,483.34,127430,61574520.50240003,
2025-03-27 19:49:00,QQQ,1743104940000,483.34,483.47,483.255,483.38,54195,26196400.268900022,
2025-03-27 19:50:00,QQQ,1743105000000,483.38,483.38,482.48,482.5,143674,69381756.29700008,
2025-03-27 19:51:00,QQQ,1743105060000,482.5,482.55,482.02,482.11,150182,72428440.09799987,
2025-03-27 19:52:00,QQQ,1743105120000,482.11,482.11,481.75,481.92,147845,71246805.33580004,
2025-03-27 19:53:00,QQQ,1743105180000,481.92,481.92,481.33,481.39,183897,88556434.9952,
2025-03-27 19:54:00,QQQ,1743105240000,481.39,482.18,481.12,481.88,331718,159793725.57590038,
2025-03-27 19:55:00,QQQ,1743105300000,481.88,482.3,481.88,482.0,181352,87431982.4133001,
2025-03-27 19:56:00,QQQ,1743105360000,482.0,482.25,481.93,481.985,141907,68412712.58819994,
2025-03-27 19:57:00,QQQ,1743105420000,481.985,482.02,481.74,481.95,312724,150677926.65969995,
2025-03-27 19:58:00,QQQ,1743105480000,481.95,482.11,481.74,481.85,217506,104817791.99549991,
2025-03-27 19:59:00,QQQ,1743105540000,481.85,481.92,481.33,481.62,996981,480146186.02649915,
